"areaID","productID","qty","amount","profit","saleDate","year","month","category","subCategory","product","country","region","state","district","city"
"A101","P1001",18,111,18,2022-04-21,2022,"Apr","Electronics","Mobile","Iphone 11","India","Central","Uttar Pradesh","Gautam Budha Nagar","Noida"
"A101","P1013",25,306,46,2022-04-17,2022,"Apr","Clothing","Shirts","VanHusen XL","India","Central","Uttar Pradesh","Gautam Budha Nagar","Noida"
"A101","P1004",41,150,22,2020-06-11,2020,"Jun","Electronics","TV","Sony 28","India","Central","Uttar Pradesh","Gautam Budha Nagar","Noida"
"A101","P1013",22,124,12,2020-06-17,2020,"Jun","Clothing","Shirts","VanHusen XL","India","Central",,"Gautam Budha Nagar","Noida"
"A101","P1018",20,125,12,2022-04-04,2022,"Apr","Stationary","Pen","Pilot","India","Central","Uttar Pradesh","Gautam Budha Nagar","Noida"
"A101","P1019",15,261,42,2020-06-04,2020,"Jun","Stationary","Notebooks","Diary","India","Central","Uttar Pradesh","Gautam Budha Nagar","Noida"
"A101","P1011",45,,39,2020-06-24,2020,"Jun","Appliances","AC","Samsung W2T","India","Central","Uttar Pradesh","Gautam Budha Nagar","Noida"
"A101","P1007",33,227,34,2020-06-01,2020,"Jun","Electronics","Tablet","Lenovo 8","India","Central","Uttar Pradesh","Gautam Budha Nagar","Noida"
"A101","P1011",44,91,9,,,,"Appliances","AC","Samsung W2T","India","Central",,"Gautam Budha Nagar","Noida"
"A101","P1004",43,99,15,2022-04-11,2022,"Apr","Electronics","TV","Sony 28","India","Central","Uttar Pradesh","Gautam Budha Nagar","Noida"
"A101","P1016",26,160,16,,,,"Clothing","Trousers","Vimal 34","India","Central","Uttar Pradesh","Gautam Budha Nagar","Noida"
"A101","P1015",43,233,23,2020-06-14,2020,"Jun","Clothing","Trousers","Raymond 36","India","Central","Uttar Pradesh","Gautam Budha Nagar","Noida"
"A101","P1006",39,322,52,2022-03-19,2022,"Mar","Electronics","Laptop","Lenovo 14","India","Central","Uttar Pradesh","Gautam Budha Nagar","Noida"
"A101","P1002",13,244,39,2020-06-21,2020,"Jun","Electronics","Mobile","Samsung F62","India","Central","Uttar Pradesh","Gautam Budha Nagar","Noida"
"A101","P1016",27,82,12,2022-03-26,2022,"Mar","Clothing","Trousers","Vimal 34","India","Central","Uttar Pradesh","Gautam Budha Nagar","Noida"
"A101","P1006",49,148,24,,,,"Electronics","Laptop","Lenovo 14","India","Central","Uttar Pradesh","Gautam Budha Nagar","Noida"
"A101","P1008",26,226,34,2020-06-27,2020,"Jun","Electronics","Tablet","Samsung 10","India","Central",,"Gautam Budha Nagar","Noida"
"A101","P1020",39,218,22,2022-03-16,2022,"Mar","Stationary","Notebooks","Register 100P","India","Central","Uttar Pradesh","Gautam Budha Nagar","Noida"
"A101","P1003",20,118,18,2022-04-01,2022,"Apr","Electronics","TV","Samsung 32","India","Central","Uttar Pradesh","Gautam Budha Nagar","Noida"
"A101","P1007",23,158,24,2022-03-29,2022,"Mar","Electronics","Tablet","Lenovo 8","India","Central","Uttar Pradesh","Gautam Budha Nagar","Noida"
"A101","P1009",40,238,38,2022-03-22,2022,"Mar","Appliances","AC","Daikin S1T","India","Central",,"Gautam Budha Nagar","Noida"
"A101","P1015",29,305,30,2022-04-14,2022,"Apr","Clothing","Trousers","Raymond 36","India","Central","Uttar Pradesh","Gautam Budha Nagar","Noida"
"A101","P1017",22,112,17,2020-06-08,2020,"Jun","Stationary","Pen","Parker","India","Central","Uttar Pradesh","Gautam Budha Nagar","Noida"
"A101","P1014",15,134,13,,,,"Clothing","Shirts","Peter England XXL","India","Central","Uttar Pradesh","Gautam Budha Nagar","Noida"
"A101","P1012",13,112,17,,,,"Appliances","Refrigerator","Samsung 300","India","Central","Uttar Pradesh","Gautam Budha Nagar","Noida"
"A101","P1010",34,188,30,,,,"Appliances","AC","Voltas W1.5T","India","Central","Uttar Pradesh","Gautam Budha Nagar","Noida"
"A102","P1015",19,275,28,2022-03-06,2022,"Mar","Clothing","Trousers","Raymond 36","India","Central","Maharashtra","Pune","Pune"
"A102","P1003",25,235,24,2022-02-21,2022,"Feb","Electronics","TV","Samsung 32","India","Central","Maharashtra","Pune","Pune"
"A102","P1011",39,278,28,2022-02-28,2022,"Feb","Appliances","AC","Samsung W2T","India","Central","Maharashtra","Pune","Pune"
"A102","P1001",20,97,10,2022-03-13,2022,"Mar","Electronics","Mobile","Iphone 11","India","Central","Maharashtra","Pune","Pune"
"A102","P1006",23,162,24,2022-02-08,2022,"Feb","Electronics","Laptop","Lenovo 14","India","Central","Maharashtra","Pune","Pune"
"A102","P1018",36,,48,,,,"Stationary","Pen","Pilot","India","Central","Maharashtra","Pune","Pune"
"A102","P1007",19,191,19,2022-02-18,2022,"Feb","Electronics","Tablet","Lenovo 8","India","Central","Maharashtra","Pune","Pune"
"A102","P1016",31,127,13,2022-02-15,2022,"Feb","Clothing","Trousers","Vimal 34","India","Central","Maharashtra","Pune","Pune"
"A102","P1004",23,319,48,2022-03-03,2022,"Mar","Electronics","TV","Sony 28","India","Central","Maharashtra","Pune","Pune"
"A102","P1009",40,313,47,2022-02-11,2022,"Feb","Appliances","AC","Daikin S1T","India","Central","Maharashtra","Pune","Pune"
"A102","P1013",38,320,32,2022-03-09,2022,"Mar","Clothing","Shirts","VanHusen XL","India","Central","Maharashtra","Pune","Pune"
"A102","P1020",41,316,51,2022-02-05,2022,"Feb","Stationary","Notebooks","Register 100P","India","Central","Maharashtra","Pune","Pune"
"A103","P1013",31,263,39,2020-11-01,2020,"Nov","Clothing","Shirts","VanHusen XL","India","Central","Uttar Pradesh","Ghaziabad","Ghaziabad"
"A103","P1011",16,229,37,2020-11-07,2020,"Nov","Appliances","AC","Samsung W2T","India","Central","Uttar Pradesh","Ghaziabad","Ghaziabad"
"A103","P1015",38,291,29,2021-08-23,2021,"Aug","Clothing","Trousers","Raymond 36","India","Central","Uttar Pradesh","Ghaziabad","Ghaziabad"
"A103","P1008",26,264,42,2020-11-10,2020,"Nov","Electronics","Tablet","Samsung 10","India","Central","Uttar Pradesh","Ghaziabad","Ghaziabad"
"A103","P1004",44,135,20,2020-10-25,2020,"Oct","Electronics","TV","Sony 28","India","Central","Uttar Pradesh","Ghaziabad","Ghaziabad"
"A103","P1011",32,97,10,2021-08-17,2021,"Aug","Appliances","AC","Samsung W2T","India","Central","Uttar Pradesh","Ghaziabad","Ghaziabad"
"A103","P1013",26,227,34,2021-08-26,2021,"Aug","Clothing","Shirts","VanHusen XL","India","Central","Uttar Pradesh","Ghaziabad","Ghaziabad"
"A103","P1019",29,135,14,2020-10-19,2020,"Oct","Stationary","Notebooks","Diary","India","Central","Uttar Pradesh","Ghaziabad","Ghaziabad"
"A103","P1016",43,107,11,2021-08-04,2021,"Aug","Clothing","Trousers","Vimal 34","India","Central","Uttar Pradesh","Ghaziabad","Ghaziabad"
"A103","P1004",42,218,33,2021-08-20,2021,"Aug","Electronics","TV","Sony 28","India","Central","Uttar Pradesh","Ghaziabad","Ghaziabad"
"A103","P1015",14,133,20,2020-10-28,2020,"Oct","Clothing","Trousers","Raymond 36","India","Central","Uttar Pradesh","Ghaziabad","Ghaziabad"
"A103","P1018",44,126,19,2021-08-13,2021,"Aug","Stationary","Pen","Pilot","India","Central","Uttar Pradesh","Ghaziabad","Ghaziabad"
"A103","P1002",21,198,20,2020-11-04,2020,"Nov","Electronics","Mobile","Samsung F62","India","Central","Uttar Pradesh","Ghaziabad","Ghaziabad"
"A103","P1006",35,163,24,2020-10-03,2020,"Oct","Electronics","Laptop","Lenovo 14","India","Central","Uttar Pradesh","Ghaziabad","Ghaziabad"
"A103","P1014",26,300,45,2020-10-09,2020,"Oct","Clothing","Shirts","Peter England XXL","India","Central","Uttar Pradesh","Ghaziabad","Ghaziabad"
"A103","P1010",32,131,20,2020-09-29,2020,"Sep","Appliances","AC","Voltas W1.5T","India","Central","Uttar Pradesh","Ghaziabad","Ghaziabad"
"A103","P1007",33,244,37,2021-08-07,2021,"Aug","Electronics","Tablet","Lenovo 8","India","Central","Uttar Pradesh","Ghaziabad","Ghaziabad"
"A103","P1016",23,267,27,2020-10-06,2020,"Oct","Clothing","Trousers","Vimal 34","India","Central","Uttar Pradesh","Ghaziabad","Ghaziabad"
"A103","P1009",41,158,16,,,,"Appliances","AC","Daikin S1T","India","Central","Uttar Pradesh","Ghaziabad","Ghaziabad"
"A103","P1007",46,267,40,2020-10-16,2020,"Oct","Electronics","Tablet","Lenovo 8","India","Central","Uttar Pradesh","Ghaziabad","Ghaziabad"
"A103","P1006",24,217,35,2021-07-28,2021,"Jul","Electronics","Laptop","Lenovo 14","India","Central",,"Ghaziabad","Ghaziabad"
"A103","P1017",18,297,48,2020-10-22,2020,"Oct","Stationary","Pen","Parker","India","Central",,"Ghaziabad","Ghaziabad"
"A103","P1001",17,201,30,2021-08-30,2021,"Aug","Electronics","Mobile","Iphone 11","India","Central","Uttar Pradesh","Ghaziabad","Ghaziabad"
"A103","P1012",33,211,32,2020-10-12,2020,"Oct","Appliances","Refrigerator","Samsung 300","India","Central","Uttar Pradesh","Ghaziabad","Ghaziabad"
"A103","P1020",29,158,24,2021-07-25,2021,"Jul","Stationary","Notebooks","Register 100P","India","Central","Uttar Pradesh","Ghaziabad","Ghaziabad"
"A103","P1003",17,185,28,2021-08-10,2021,"Aug","Electronics","TV","Samsung 32","India","Central","Uttar Pradesh","Ghaziabad","Ghaziabad"
"A104","P1007",34,320,48,2021-06-29,2021,"Jun","Electronics","Tablet","Lenovo 8","India","Central","Uttar Pradesh","Agra","Agra"
"A104","P1020",40,82,8,2021-06-16,2021,"Jun","Stationary","Notebooks","Register 100P","India","Central","Uttar Pradesh","Agra","Agra"
"A104","P1011",42,345,52,2021-07-09,2021,"Jul","Appliances","AC","Samsung W2T","India","Central","Uttar Pradesh","Agra","Agra"
"A104","P1006",28,239,38,2021-06-19,2021,"Jun","Electronics","Laptop","Lenovo 14","India","Central","Uttar Pradesh","Agra","Agra"
"A104","P1013",37,197,32,2021-07-19,2021,"Jul","Clothing","Shirts","VanHusen XL","India","Central","Uttar Pradesh","Agra","Agra"
"A104","P1015",29,93,9,2021-07-15,2021,"Jul","Clothing","Trousers","Raymond 36","India","Central","Uttar Pradesh","Agra","Agra"
"A104","P1003",34,247,37,2021-07-02,2021,"Jul","Electronics","TV","Samsung 32","India","Central","Uttar Pradesh","Agra","Agra"
"A104","P1016",40,219,35,2021-06-26,2021,"Jun","Clothing","Trousers","Vimal 34","India","Central","Uttar Pradesh","Agra","Agra"
"A104","P1009",24,140,22,2021-06-23,2021,"Jun","Appliances","AC","Daikin S1T","India","Central","Uttar Pradesh","Agra","Agra"
"A104","P1001",32,347,52,2021-07-22,2021,"Jul","Electronics","Mobile","Iphone 11","India","Central","Uttar Pradesh","Agra","Agra"
"A104","P1018",22,299,45,2021-07-06,2021,"Jul","Stationary","Pen","Pilot","India","Central","Uttar Pradesh","Agra","Agra"
"A104","P1004",38,192,29,2021-07-12,2021,"Jul","Electronics","TV","Sony 28","India","Central","Uttar Pradesh","Agra","Agra"
"A105","P1004",24,338,54,2021-11-06,2021,"Nov","Electronics","TV","Sony 28","India","Central","Delhi","Gautam Budha Nagar","Delhi"
"A105","P1016",37,169,25,2021-10-21,2021,"Oct","Clothing","Trousers","Vimal 34","India","Central","Delhi","Gautam Budha Nagar","Delhi"
"A105","P1001",22,291,29,2021-11-16,2021,"Nov","Electronics","Mobile","Iphone 11","India","Central","Delhi","Gautam Budha Nagar","Delhi"
"A105","P1018",35,203,20,2021-10-30,2021,"Oct","Stationary","Pen","Pilot","India","Central","Delhi","Gautam Budha Nagar","Delhi"
"A105","P1015",21,104,16,2021-11-09,2021,"Nov","Clothing","Trousers","Raymond 36","India","Central","Delhi","Gautam Budha Nagar","Delhi"
"A105","P1020",17,167,27,2021-10-11,2021,"Oct","Stationary","Notebooks","Register 100P","India","Central","Delhi","Gautam Budha Nagar","Delhi"
"A105","P1003",19,149,22,,,,"Electronics","TV","Samsung 32","India","Central","Delhi","Gautam Budha Nagar","Delhi"
"A105","P1013",42,241,36,2021-11-12,2021,"Nov","Clothing","Shirts","VanHusen XL","India","Central","Delhi","Gautam Budha Nagar","Delhi"
"A105","P1011",25,284,43,2021-11-03,2021,"Nov","Appliances","AC","Samsung W2T","India","Central","Delhi","Gautam Budha Nagar","Delhi"
"A105","P1009",34,280,28,2021-10-17,2021,"Oct","Appliances","AC","Daikin S1T","India","Central","Delhi","Gautam Budha Nagar","Delhi"
"A105","P1006",36,125,19,2021-10-14,2021,"Oct","Electronics","Laptop","Lenovo 14","India","Central","Delhi","Gautam Budha Nagar","Delhi"
"A105","P1007",34,150,24,2021-10-24,2021,"Oct","Electronics","Tablet","Lenovo 8","India","Central","Delhi","Gautam Budha Nagar","Delhi"
"A106","P1013",35,170,17,2020-09-16,2020,"Sep","Clothing","Shirts","VanHusen XL","India","East","Sikkim","East Sikkim","Gangtok"
"A106","P1010",21,195,31,2020-08-15,2020,"Aug","Appliances","AC","Voltas W1.5T","India","East","Sikkim","East Sikkim","Gangtok"
"A106","P1004",34,142,23,2020-09-10,2020,"Sep","Electronics","TV","Sony 28","India","East","Sikkim","East Sikkim","Gangtok"
"A106","P1008",40,209,21,2020-09-26,2020,"Sep","Electronics","Tablet","Samsung 10","India","East","Sikkim","East Sikkim","Gangtok"
"A106","P1015",25,216,32,2020-09-13,2020,"Sep","Clothing","Trousers","Raymond 36","India","East","Sikkim","East Sikkim","Gangtok"
"A106","P1002",27,120,12,2020-09-20,2020,"Sep","Electronics","Mobile","Samsung F62","India","East",,"East Sikkim","Gangtok"
"A106","P1007",34,252,40,2020-08-31,2020,"Aug","Electronics","Tablet","Lenovo 8","India","East","Sikkim","East Sikkim","Gangtok"
"A106","P1016",35,153,15,2020-08-21,2020,"Aug","Clothing","Trousers","Vimal 34","India","East","Sikkim","East Sikkim","Gangtok"
"A106","P1014",43,202,30,2020-08-25,2020,"Aug","Clothing","Shirts","Peter England XXL","India","East","Sikkim","East Sikkim","Gangtok"
"A106","P1012",46,227,34,2020-08-28,2020,"Aug","Appliances","Refrigerator","Samsung 300","India","East","Sikkim","East Sikkim","Gangtok"
"A106","P1011",44,275,41,2020-09-23,2020,"Sep","Appliances","AC","Samsung W2T","India","East","Sikkim","East Sikkim","Gangtok"
"A106","P1017",32,143,21,2020-09-07,2020,"Sep","Stationary","Pen","Parker","India","East","Sikkim","East Sikkim","Gangtok"
"A106","P1019",11,273,41,2020-09-03,2020,"Sep","Stationary","Notebooks","Diary","India","East","Sikkim","East Sikkim","Gangtok"
"A106","P1006",32,123,18,2020-08-18,2020,"Aug","Electronics","Laptop","Lenovo 14","India","East","Sikkim","East Sikkim","Gangtok"
"A107","P1014",45,271,27,2020-04-10,2020,"Apr","Clothing","Shirts","Peter England XXL","India","North","Uttarkhand","Nainital","Haldwani"
"A107","P1019",32,110,16,2020-04-20,2020,"Apr","Stationary","Notebooks","Diary","India","North","Uttarkhand","Nainital","Haldwani"
"A107","P1015",45,290,29,2020-04-30,2020,"Apr","Clothing","Trousers","Raymond 36","India","North","Uttarkhand","Nainital","Haldwani"
"A107","P1012",37,277,44,2020-04-13,2020,"Apr","Appliances","Refrigerator","Samsung 300","India","North","Uttarkhand","Nainital","Haldwani"
"A107","P1004",26,123,18,2020-04-26,2020,"Apr","Electronics","TV","Sony 28","India","North","Uttarkhand","Nainital","Haldwani"
"A107","P1011",43,158,16,,,,"Appliances","AC","Samsung W2T","India","North","Uttarkhand","Nainital","Haldwani"
"A107","P1016",17,180,18,2020-04-07,2020,"Apr","Clothing","Trousers","Vimal 34","India","North","Uttarkhand","Nainital","Haldwani"
"A107","P1007",12,104,16,2020-04-17,2020,"Apr","Electronics","Tablet","Lenovo 8","India","North","Uttarkhand","Nainital","Haldwani"
"A107","P1008",36,101,15,,,,"Electronics","Tablet","Samsung 10","India","North","Uttarkhand","Nainital","Haldwani"
"A107","P1017",48,216,35,2020-04-23,2020,"Apr","Stationary","Pen","Parker","India","North","Uttarkhand","Nainital","Haldwani"
"A107","P1010",26,187,28,2020-03-31,2020,"Mar","Appliances","AC","Voltas W1.5T","India","North","Uttarkhand","Nainital","Haldwani"
"A107","P1013",41,159,25,,,,"Clothing","Shirts","VanHusen XL","India","North","Uttarkhand","Nainital","Haldwani"
"A107","P1006",46,156,25,2020-04-04,2020,"Apr","Electronics","Laptop","Lenovo 14","India","North","Uttarkhand","Nainital","Haldwani"
"A107","P1002",12,137,21,,,,"Electronics","Mobile","Samsung F62","India","North","Uttarkhand","Nainital","Haldwani"
"A108","P1017",45,203,32,2020-12-06,2020,"Dec","Stationary","Pen","Parker","India","North","Punjab","Patiala","Patiala"
"A108","P1016",28,272,27,2020-11-20,2020,"Nov","Clothing","Trousers","Vimal 34","India","North","Punjab","Patiala","Patiala"
"A108","P1014",22,189,30,2020-11-23,2020,"Nov","Clothing","Shirts","Peter England XXL","India","North","Punjab","Patiala","Patiala"
"A108","P1013",42,290,29,2020-12-16,2020,"Dec","Clothing","Shirts","VanHusen XL","India","North","Punjab","Patiala","Patiala"
"A108","P1008",28,213,21,2020-12-26,2020,"Dec","Electronics","Tablet","Samsung 10","India","North","Punjab","Patiala","Patiala"
"A108","P1011",23,202,30,2020-12-23,2020,"Dec","Appliances","AC","Samsung W2T","India","North","Punjab","Patiala","Patiala"
"A108","P1004",34,228,36,2020-12-10,2020,"Dec","Electronics","TV","Sony 28","India","North","Punjab","Patiala","Patiala"
"A108","P1007",12,258,39,2020-11-30,2020,"Nov","Electronics","Tablet","Lenovo 8","India","North","Punjab","Patiala","Patiala"
"A108","P1002",35,131,20,2020-12-19,2020,"Dec","Electronics","Mobile","Samsung F62","India","North","Punjab","Patiala","Patiala"
"A108","P1010",37,225,34,2020-11-14,2020,"Nov","Appliances","AC","Voltas W1.5T","India","North","Punjab","Patiala","Patiala"
"A108","P1012",14,216,22,2020-11-27,2020,"Nov","Appliances","Refrigerator","Samsung 300","India","North","Punjab","Patiala","Patiala"
"A108","P1019",43,158,16,2020-12-03,2020,"Dec","Stationary","Notebooks","Diary","India","North","Punjab","Patiala","Patiala"
"A108","P1006",29,292,47,2020-11-17,2020,"Nov","Electronics","Laptop","Lenovo 14","India","North","Punjab","Patiala","Patiala"
"A108","P1015",48,129,19,2020-12-13,2020,"Dec","Clothing","Trousers","Raymond 36","India","North","Punjab","Patiala","Patiala"
"A109","P1011",30,104,17,2021-09-25,2021,"Sep","Appliances","AC","Samsung W2T","India","North","Himanchal Pradesh","Sirmaur","Nahan"
"A109","P1014",30,295,44,2020-01-10,2020,"Jan","Clothing","Shirts","Peter England XXL","India","North","Himanchal Pradesh","Sirmaur","Nahan"
"A109","P1002",21,185,28,2020-02-05,2020,"Feb","Electronics","Mobile","Samsung F62","India","North","Himanchal Pradesh","Sirmaur","Nahan"
"A109","P1009",44,237,36,2021-09-08,2021,"Sep","Appliances","AC","Daikin S1T","India","North",,"Sirmaur","Nahan"
"A109","P1017",18,149,15,2020-01-23,2020,"Jan","Stationary","Pen","Parker","India","North","Himanchal Pradesh","Sirmaur","Nahan"
"A109","P1010",19,173,26,2020-01-01,2020,"Jan","Appliances","AC","Voltas W1.5T","India","North",,"Sirmaur","Nahan"
"A109","P1008",43,109,16,2020-02-12,2020,"Feb","Electronics","Tablet","Samsung 10","India","North","Himanchal Pradesh","Sirmaur","Nahan"
"A109","P1013",27,211,34,2021-10-04,2021,"Oct","Clothing","Shirts","VanHusen XL",,"North","Himanchal Pradesh","Sirmaur","Nahan"
"A109","P1004",40,100,15,2021-09-28,2021,"Sep","Electronics","TV","Sony 28","India","North","Himanchal Pradesh","Sirmaur","Nahan"
"A109","P1016",31,247,25,2020-01-07,2020,"Jan","Clothing","Trousers","Vimal 34","India","North","Himanchal Pradesh","Sirmaur","Nahan"
"A109","P1003",24,106,11,2021-09-18,2021,"Sep","Electronics","TV","Samsung 32","India","North","Himanchal Pradesh","Sirmaur","Nahan"
"A109","P1004",11,271,43,2020-01-26,2020,"Jan","Electronics","TV","Sony 28","India","North","Himanchal Pradesh","Sirmaur","Nahan"
"A109","P1019",27,175,18,2020-01-20,2020,"Jan","Stationary","Notebooks","Diary","India","North","Himanchal Pradesh","Sirmaur","Nahan"
"A109","P1007",37,,46,2021-09-15,2021,"Sep","Electronics","Tablet","Lenovo 8","India","North",,"Sirmaur","Nahan"
"A109","P1007",13,140,22,2020-01-17,2020,"Jan","Electronics","Tablet","Lenovo 8","India","North","Himanchal Pradesh","Sirmaur","Nahan"
"A109","P1015",24,304,30,2021-10-01,2021,"Oct","Clothing","Trousers","Raymond 36","India","North","Himanchal Pradesh","Sirmaur","Nahan"
"A109","P1011",42,195,20,2020-02-08,2020,"Feb","Appliances","AC","Samsung W2T","India","North","Himanchal Pradesh","Sirmaur","Nahan"
"A109","P1013",28,225,22,2020-02-02,2020,"Feb","Clothing","Shirts","VanHusen XL","India","North","Himanchal Pradesh","Sirmaur","Nahan"
"A109","P1006",13,254,41,2020-01-04,2020,"Jan","Electronics","Laptop","Lenovo 14","India","North","Himanchal Pradesh","Sirmaur","Nahan"
"A109","P1018",16,83,13,2021-09-21,2021,"Sep","Stationary","Pen","Pilot","India","North","Himanchal Pradesh","Sirmaur","Nahan"
"A109","P1015",23,177,27,2020-01-30,2020,"Jan","Clothing","Trousers","Raymond 36","India","North","Himanchal Pradesh","Sirmaur","Nahan"
"A109","P1012",15,248,25,2020-01-13,2020,"Jan","Appliances","Refrigerator","Samsung 300","India","North","Himanchal Pradesh","Sirmaur","Nahan"
"A109","P1001",34,131,21,2021-10-08,2021,"Oct","Electronics","Mobile","Iphone 11","India","North","Himanchal Pradesh","Sirmaur","Nahan"
"A109","P1016",30,125,19,2021-09-12,2021,"Sep","Clothing","Trousers","Vimal 34","India","North","Himanchal Pradesh","Sirmaur","Nahan"
"A109","P1006",25,114,11,2021-09-05,2021,"Sep","Electronics","Laptop","Lenovo 14",,"North","Himanchal Pradesh","Sirmaur","Nahan"
"A109","P1020",39,344,52,2021-09-02,2021,"Sep","Stationary","Notebooks","Register 100P","India","North","Himanchal Pradesh","Sirmaur","Nahan"
"A110","P1010",43,120,18,2020-06-30,2020,"Jun","Appliances","AC","Voltas W1.5T","India","South","Tamil Nadu","Chennai","Chennai"
"A110","P1017",35,250,40,2020-07-23,2020,"Jul","Stationary","Pen","Parker","India","South","Tamil Nadu","Chennai","Chennai"
"A110","P1007",38,279,28,,,,"Electronics","Tablet","Lenovo 8","India","South","Tamil Nadu","Chennai","Chennai"
"A110","P1011",24,280,45,,,,"Appliances","AC","Samsung W2T",,"South","Tamil Nadu","Chennai","Chennai"
"A110","P1016",40,238,38,,,,"Clothing","Trousers","Vimal 34",,"South","Tamil Nadu","Chennai","Chennai"
"A110","P1018",15,346,35,,,,"Stationary","Pen","Pilot","India","South","Tamil Nadu","Chennai","Chennai"
"A110","P1011",30,245,37,2020-08-08,2020,"Aug","Appliances","AC","Samsung W2T","India","South","Tamil Nadu","Chennai","Chennai"
"A110","P1014",22,166,25,2020-07-10,2020,"Jul","Clothing","Shirts","Peter England XXL",,"South",,"Chennai","Chennai"
"A110","P1003",31,276,44,,,,"Electronics","TV","Samsung 32","India","South","Tamil Nadu","Chennai","Chennai"
"A110","P1013",37,189,19,2020-08-02,2020,"Aug","Clothing","Shirts","VanHusen XL","India","South","Tamil Nadu","Chennai","Chennai"
"A110","P1007",30,174,26,2020-07-17,2020,"Jul","Electronics","Tablet","Lenovo 8","India","South","Tamil Nadu","Chennai","Chennai"
"A110","P1008",21,197,30,2020-08-12,2020,"Aug","Electronics","Tablet","Samsung 10","India","South","Tamil Nadu","Chennai","Chennai"
"A110","P1004",39,153,24,2020-07-26,2020,"Jul","Electronics","TV","Sony 28",,"South","Tamil Nadu","Chennai","Chennai"
"A110","P1019",40,130,21,2020-07-20,2020,"Jul","Stationary","Notebooks","Diary","India","South","Tamil Nadu","Chennai","Chennai"
"A110","P1009",24,285,28,2022-04-30,2022,"Apr","Appliances","AC","Daikin S1T","India","South",,"Chennai","Chennai"
"A110","P1002",48,268,27,2020-08-05,2020,"Aug","Electronics","Mobile","Samsung F62","India","South","Tamil Nadu","Chennai","Chennai"
"A110","P1015",34,226,36,,,,"Clothing","Trousers","Raymond 36","India","South","Tamil Nadu","Chennai","Chennai"
"A110","P1001",27,200,30,,,,"Electronics","Mobile","Iphone 11","India","South","Tamil Nadu","Chennai","Chennai"
"A110","P1015",22,,30,2020-07-30,2020,"Jul","Clothing","Trousers","Raymond 36","India","South","Tamil Nadu","Chennai","Chennai"
"A110","P1004",30,131,20,,,,"Electronics","TV","Sony 28","India","South","Tamil Nadu","Chennai","Chennai"
"A110","P1020",42,125,12,2022-04-24,2022,"Apr","Stationary","Notebooks","Register 100P","India","South","Tamil Nadu","Chennai","Chennai"
"A110","P1016",32,177,28,2020-07-07,2020,"Jul","Clothing","Trousers","Vimal 34","India","South","Tamil Nadu","Chennai","Chennai"
"A110","P1013",34,260,26,,,,"Clothing","Shirts","VanHusen XL","India","South","Tamil Nadu","Chennai","Chennai"
"A110","P1006",31,247,37,2020-07-04,2020,"Jul","Electronics","Laptop","Lenovo 14","India","South","Tamil Nadu","Chennai","Chennai"
"A110","P1012",16,281,42,2020-07-13,2020,"Jul","Appliances","Refrigerator","Samsung 300","India","South","Tamil Nadu","Chennai","Chennai"
"A110","P1006",42,274,27,2022-04-27,2022,"Apr","Electronics","Laptop","Lenovo 14","India","South","Tamil Nadu","Chennai","Chennai"
"A111","P1009",31,135,20,,,,"Appliances","AC","Daikin S1T","India","South","Karnataka","Bellary","Bellary"
"A111","P1020",18,133,21,,,,"Stationary","Notebooks","Register 100P","India","South",,"Bellary","Bellary"
"A111","P1007",28,239,24,2021-01-14,2021,"Jan","Electronics","Tablet","Lenovo 8","India","South","Karnataka","Bellary","Bellary"
"A111","P1013",22,226,36,2021-06-10,2021,"Jun","Clothing","Shirts","VanHusen XL","India","South","Karnataka","Bellary","Bellary"
"A111","P1007",26,89,9,,,,"Electronics","Tablet","Lenovo 8","India","South","Karnataka","Bellary","Bellary"
"A111","P1019",28,183,27,2021-01-18,2021,"Jan","Stationary","Notebooks","Diary","India","South","Karnataka","Bellary","Bellary"
"A111","P1006",25,248,37,,,,"Electronics","Laptop","Lenovo 14","India","South","Karnataka","Bellary","Bellary"
"A111","P1011",38,136,20,2021-02-06,2021,"Feb","Appliances","AC","Samsung W2T","India","South","Karnataka","Bellary","Bellary"
"A111","P1003",43,119,19,,,,"Electronics","TV","Samsung 32",,"South","Karnataka","Bellary","Bellary"
"A111","P1014",25,126,13,2021-01-08,2021,"Jan","Clothing","Shirts","Peter England XXL","India","South","Karnataka","Bellary","Bellary"
"A111","P1006",30,124,12,2021-01-01,2021,"Jan","Electronics","Laptop","Lenovo 14","India","South","Karnataka","Bellary","Bellary"
"A111","P1016",40,327,52,,,,"Clothing","Trousers","Vimal 34","India","South","Karnataka","Bellary","Bellary"
"A111","P1013",44,205,20,2021-01-31,2021,"Jan","Clothing","Shirts","VanHusen XL","India","South","Karnataka","Bellary","Bellary"
"A111","P1002",46,247,25,2021-02-03,2021,"Feb","Electronics","Mobile","Samsung F62","India","South","Karnataka","Bellary","Bellary"
"A111","P1001",37,185,30,2021-06-13,2021,"Jun","Electronics","Mobile","Iphone 11","India","South","Karnataka","Bellary","Bellary"
"A111","P1008",20,193,29,2021-02-09,2021,"Feb","Electronics","Tablet","Samsung 10","India","South","Karnataka","Bellary","Bellary"
"A111","P1004",44,240,24,2021-06-03,2021,"Jun","Electronics","TV","Sony 28","India","South","Karnataka","Bellary","Bellary"
"A111","P1016",35,117,18,2021-01-05,2021,"Jan","Clothing","Trousers","Vimal 34","India","South","Karnataka","Bellary","Bellary"
"A111","P1015",44,246,37,2021-01-27,2021,"Jan","Clothing","Trousers","Raymond 36","India","South","Karnataka","Bellary","Bellary"
"A111","P1011",21,284,45,,,,"Appliances","AC","Samsung W2T","India","South","Karnataka","Bellary","Bellary"
"A111","P1018",27,272,41,,,,"Stationary","Pen","Pilot","India","South","Karnataka","Bellary","Bellary"
"A111","P1015",34,125,19,,,,"Clothing","Trousers","Raymond 36","India","South","Karnataka","Bellary","Bellary"
"A111","P1017",40,173,28,2021-01-21,2021,"Jan","Stationary","Pen","Parker","India","South","Karnataka","Bellary","Bellary"
"A111","P1010",23,255,38,2020-12-29,2020,"Dec","Appliances","AC","Voltas W1.5T","India","South","Karnataka","Bellary","Bellary"
"A111","P1004",49,150,22,2021-01-24,2021,"Jan","Electronics","TV","Sony 28","India","South","Karnataka","Bellary","Bellary"
"A111","P1012",48,154,25,2021-01-11,2021,"Jan","Appliances","Refrigerator","Samsung 300","India","South","Karnataka","Bellary","Bellary"
"A112","P1011",21,273,27,2021-03-24,2021,"Mar","Appliances","AC","Samsung W2T","India","South","Kerala","Ernakulum","Kochi"
"A112","P1004",30,193,29,2022-01-23,2022,"Jan","Electronics","TV","Sony 28","India","South","Kerala","Ernakulum","Kochi"
"A112","P1006",30,97,16,2021-12-31,2021,"Dec","Electronics","Laptop","Lenovo 14","India","South",,"Ernakulum","Kochi"
"A112","P1007",20,210,32,2021-03-01,2021,"Mar","Electronics","Tablet","Lenovo 8","India","South","Kerala","Ernakulum","Kochi"
"A112","P1001",22,189,28,2022-02-02,2022,"Feb","Electronics","Mobile","Iphone 11","India","South","Kerala","Ernakulum","Kochi"
"A112","P1011",29,299,48,2022-01-20,2022,"Jan","Appliances","AC","Samsung W2T","India","South","Kerala","Ernakulum","Kochi"
"A112","P1010",13,223,36,2021-02-13,2021,"Feb","Appliances","AC","Voltas W1.5T","India","South","Kerala","Ernakulum","Kochi"
"A112","P1004",29,286,43,2021-03-11,2021,"Mar","Electronics","TV","Sony 28","India","South","Kerala","Ernakulum","Kochi"
"A112","P1015",25,99,16,2022-01-26,2022,"Jan","Clothing","Trousers","Raymond 36","India","South","Kerala","Ernakulum","Kochi"
"A112","P1017",17,286,46,2021-03-07,2021,"Mar","Stationary","Pen","Parker","India","South",,"Ernakulum","Kochi"
"A112","P1014",45,146,15,2021-02-22,2021,"Feb","Clothing","Shirts","Peter England XXL","India","South","Kerala","Ernakulum","Kochi"
"A112","P1016",17,145,22,2022-01-07,2022,"Jan","Clothing","Trousers","Vimal 34","India","South","Kerala","Ernakulum","Kochi"
"A112","P1002",34,139,21,2021-03-20,2021,"Mar","Electronics","Mobile","Samsung F62","India","South","Kerala","Ernakulum","Kochi"
"A112","P1015",31,158,25,2021-03-14,2021,"Mar","Clothing","Trousers","Raymond 36","India","South","Kerala","Ernakulum","Kochi"
"A112","P1016",23,146,22,2021-02-19,2021,"Feb","Clothing","Trousers","Vimal 34","India","South","Kerala","Ernakulum","Kochi"
"A112","P1009",30,127,19,2022-01-03,2022,"Jan","Appliances","AC","Daikin S1T","India","South","Kerala","Ernakulum","Kochi"
"A112","P1013",17,180,29,2021-03-17,2021,"Mar","Clothing","Shirts","VanHusen XL","India","South","Kerala","Ernakulum","Kochi"
"A112","P1008",10,287,46,2021-03-27,2021,"Mar","Electronics","Tablet","Samsung 10","India","South","Kerala","Ernakulum","Kochi"
"A112","P1003",26,104,17,2022-01-13,2022,"Jan","Electronics","TV","Samsung 32","India","South","Kerala","Ernakulum","Kochi"
"A112","P1018",43,201,20,2022-01-16,2022,"Jan","Stationary","Pen","Pilot","India","South",,"Ernakulum","Kochi"
"A112","P1020",30,122,20,2021-12-28,2021,"Dec","Stationary","Notebooks","Register 100P","India","South","Kerala","Ernakulum","Kochi"
"A112","P1012",37,289,43,2021-02-26,2021,"Feb","Appliances","Refrigerator","Samsung 300","India","South","Kerala","Ernakulum","Kochi"
"A112","P1013",20,343,34,2022-01-29,2022,"Jan","Clothing","Shirts","VanHusen XL","India","South","Kerala","Ernakulum","Kochi"
"A112","P1007",21,182,29,2022-01-10,2022,"Jan","Electronics","Tablet","Lenovo 8","India","South","Kerala","Ernakulum","Kochi"
"A112","P1019",32,213,32,,,,"Stationary","Notebooks","Diary","India","South","Kerala","Ernakulum","Kochi"
"A112","P1006",24,164,25,2021-02-16,2021,"Feb","Electronics","Laptop","Lenovo 14","India","South","Kerala","Ernakulum","Kochi"
"A113","P1015",30,280,42,2021-12-18,2021,"Dec","Clothing","Trousers","Raymond 36","India","West",,"Jaipur","Jaipur"
"A113","P1001",24,194,31,,,,"Electronics","Mobile","Iphone 11","India","West","Rajasthan","Jaipur","Jaipur"
"A113","P1018",24,218,35,2021-12-08,2021,"Dec","Stationary","Pen","Pilot","India","West","Rajasthan","Jaipur","Jaipur"
"A113","P1013",45,148,24,2021-12-21,2021,"Dec","Clothing","Shirts","VanHusen XL","India","West","Rajasthan","Jaipur","Jaipur"
"A113","P1009",36,120,12,2021-11-25,2021,"Nov","Appliances","AC","Daikin S1T","India","West","Rajasthan","Jaipur","Jaipur"
"A113","P1004",30,236,38,2021-12-15,2021,"Dec","Electronics","TV","Sony 28","India","West","Rajasthan","Jaipur","Jaipur"
"A113","P1011",29,222,36,2021-12-12,2021,"Dec","Appliances","AC","Samsung W2T","India","West","Rajasthan","Jaipur","Jaipur"
"A113","P1016",42,275,41,2021-11-29,2021,"Nov","Clothing","Trousers","Vimal 34","India","West","Rajasthan","Jaipur","Jaipur"
"A113","P1006",22,168,25,2021-11-22,2021,"Nov","Electronics","Laptop","Lenovo 14","India","West","Rajasthan","Jaipur","Jaipur"
"A113","P1007",44,326,33,2021-12-02,2021,"Dec","Electronics","Tablet","Lenovo 8","India","West","Rajasthan","Jaipur","Jaipur"
"A113","P1020",17,163,16,2021-11-19,2021,"Nov","Stationary","Notebooks","Register 100P","India","West","Rajasthan","Jaipur","Jaipur"
"A113","P1003",25,261,42,2021-12-05,2021,"Dec","Electronics","TV","Samsung 32","India","West","Rajasthan","Jaipur","Jaipur"
"A114","P1007",38,173,17,2021-04-12,2021,"Apr","Electronics","Tablet","Lenovo 8","India","East","Nagaland","Kohima","Kohima"
"A114","P1016",26,237,38,2021-04-09,2021,"Apr","Clothing","Trousers","Vimal 34","India","East","Nagaland","Kohima","Kohima"
"A114","P1014",21,103,10,2020-02-25,2020,"Feb","Clothing","Shirts","Peter England XXL","India","East",,"Kohima","Kohima"
"A114","P1012",24,159,16,2020-02-28,2020,"Feb","Appliances","Refrigerator","Samsung 300","India","East","Nagaland","Kohima","Kohima"
"A114","P1006",15,120,12,2020-02-18,2020,"Feb","Electronics","Laptop","Lenovo 14","India","East","Nagaland","Kohima","Kohima"
"A114","P1015",33,,16,2020-03-15,2020,"Mar","Clothing","Trousers","Raymond 36","India","East","Nagaland","Kohima","Kohima"
"A114","P1003",26,305,46,2021-04-15,2021,"Apr","Electronics","TV","Samsung 32","India","East","Nagaland","Kohima","Kohima"
"A114","P1013",16,266,43,,,,"Clothing","Shirts","VanHusen XL","India","East","Nagaland","Kohima","Kohima"
"A114","P1001",23,82,8,,,,"Electronics","Mobile","Iphone 11","India","East","Nagaland","Kohima","Kohima"
"A114","P1008",47,191,19,2020-03-28,2020,"Mar","Electronics","Tablet","Samsung 10","India","East",,"Kohima","Kohima"
"A114","P1016",16,244,24,2020-02-21,2020,"Feb","Clothing","Trousers","Vimal 34","India","East","Nagaland","Kohima","Kohima"
"A114","P1017",32,272,44,2020-03-09,2020,"Mar","Stationary","Pen","Parker","India","East","Nagaland","Kohima","Kohima"
"A114","P1006",34,120,18,2021-04-02,2021,"Apr","Electronics","Laptop","Lenovo 14","India","East",,"Kohima","Kohima"
"A114","P1015",38,310,46,2021-04-28,2021,"Apr","Clothing","Trousers","Raymond 36","India","East","Nagaland","Kohima","Kohima"
"A114","P1009",42,317,48,2021-04-06,2021,"Apr","Appliances","AC","Daikin S1T","India","East","Nagaland","Kohima","Kohima"
"A114","P1010",45,285,43,2020-02-15,2020,"Feb","Appliances","AC","Voltas W1.5T","India","East","Nagaland","Kohima","Kohima"
"A114","P1007",23,222,36,2020-03-02,2020,"Mar","Electronics","Tablet","Lenovo 8","India","East","Nagaland","Kohima","Kohima"
"A114","P1004",24,236,35,,,,"Electronics","TV","Sony 28","India","East","Nagaland","Kohima","Kohima"
"A114","P1011",35,82,13,2021-04-22,2021,"Apr","Appliances","AC","Samsung W2T","India","East","Nagaland","Kohima","Kohima"
"A114","P1002",46,109,16,2020-03-22,2020,"Mar","Electronics","Mobile","Samsung F62","India","East","Nagaland","Kohima","Kohima"
"A114","P1019",17,265,42,2020-03-05,2020,"Mar","Stationary","Notebooks","Diary","India","East","Nagaland","Kohima","Kohima"
"A114","P1013",32,242,24,2020-03-18,2020,"Mar","Clothing","Shirts","VanHusen XL","India","East","Nagaland","Kohima","Kohima"
"A114","P1020",32,233,35,2021-03-30,2021,"Mar","Stationary","Notebooks","Register 100P","India","East","Nagaland","Kohima","Kohima"
"A114","P1004",31,179,29,,,,"Electronics","TV","Sony 28","India","East","Nagaland","Kohima","Kohima"
"A114","P1018",18,346,55,2021-04-19,2021,"Apr","Stationary","Pen","Pilot","India","East","Nagaland","Kohima","Kohima"
"A114","P1011",50,186,30,2020-03-25,2020,"Mar","Appliances","AC","Samsung W2T","India","East","Nagaland","Kohima","Kohima"
